"Part";"Value";"Device";"Package";"Description";"ARROW_PART_NUMBER";"ARROW_PRICE-STOCK";"DESCRIPTION";"HEIGHT";"LCSC_DATASHEET";"LCSC_PART";"LCSC_PRICE1_EUR";"LCSC_ROTATION_CCW";"LCSC_STOCK";"MANUFACTURER_NAME";"MANUFACTURER_PART_NUMBER";"MOUSER_PART_NUMBER";"MOUSER_PRICE-STOCK";"MOUSER_TESTING_PART_NUMBER";"MOUSER_TESTING_PRICE-STOCK";"POPULARITY";"PROD_ID";"PROPERTIES";"VALUE";
"ABAT";"";"2,54/0,8";"2,54/0,8";"THROUGH-HOLE PAD";"";"";"";"";"";"";"";"";"";"";"";"";"";"";"";"5";"";"";"";
"AGND";"";"2,54/0,8";"2,54/0,8";"THROUGH-HOLE PAD";"";"";"";"";"";"";"";"";"";"";"";"";"";"";"";"5";"";"";"";
"C1";"10uF";"C_10UF/25V_0603";"C0603";"Capacitor General purpose SMD Capacitor";"";"";"";"";"https://datasheet.lcsc.com/lcsc/1811110921_Samsung-Electro-Mechanics-CL10A106MA8NRNC_C96446.pdf";"C96446";"";"0";"119091";"";"";"";"";"";"";"";"";"X5R 25V ±20% 10uF 0603  ROHS";"";
"C2";"100nF";"C_100NF/50V_0603";"C0603";"Capacitor General purpose SMD Capacitor";"";"";"";"";"https://datasheet.lcsc.com/lcsc/1809301912_YAGEO-CC0603KRX7R9BB104_C14663.pdf";"C14663";"";"0";"7111530";"";"";"";"";"";"";"";"";"50V 100nF X7R ±10% 0603  ROHS";"";
"C3";"1uF";"C_1UF/25V_0402";"C0402";"Capacitor General purpose SMD Capacitor";"";"";"";"";"https://datasheet.lcsc.com/lcsc/1811091611_Samsung-Electro-Mechanics-CL05A105KA5NQNC_C52923.pdf";"C52923";"";"0";"6404174";"";"";"";"";"";"";"";"";"25V 1uF X5R ±10% 0402  ROHS";"";
"C4";"1uF";"C_1UF/25V_0402";"C0402";"Capacitor General purpose SMD Capacitor";"";"";"";"";"https://datasheet.lcsc.com/lcsc/1811091611_Samsung-Electro-Mechanics-CL05A105KA5NQNC_C52923.pdf";"C52923";"";"0";"6404174";"";"";"";"";"";"";"";"";"25V 1uF X5R ±10% 0402  ROHS";"";
"C5";"10uF";"C_10UF/25V_0603";"C0603";"Capacitor General purpose SMD Capacitor";"";"";"";"";"https://datasheet.lcsc.com/lcsc/1811110921_Samsung-Electro-Mechanics-CL10A106MA8NRNC_C96446.pdf";"C96446";"";"0";"119091";"";"";"";"";"";"";"";"";"X5R 25V ±20% 10uF 0603  ROHS";"";
"C6";"10uF";"C_10UF/25V_0603";"C0603";"Capacitor General purpose SMD Capacitor";"";"";"";"";"https://datasheet.lcsc.com/lcsc/1811110921_Samsung-Electro-Mechanics-CL10A106MA8NRNC_C96446.pdf";"C96446";"";"0";"119091";"";"";"";"";"";"";"";"";"X5R 25V ±20% 10uF 0603  ROHS";"";
"C7";"100nF";"C_100NF/50V_0603";"C0603";"Capacitor General purpose SMD Capacitor";"";"";"";"";"https://datasheet.lcsc.com/lcsc/1809301912_YAGEO-CC0603KRX7R9BB104_C14663.pdf";"C14663";"";"0";"7111530";"";"";"";"";"";"";"";"";"50V 100nF X7R ±10% 0603  ROHS";"";
"C8";"10uF";"C_10UF/25V_0603";"C0603";"Capacitor General purpose SMD Capacitor";"";"";"";"";"https://datasheet.lcsc.com/lcsc/1811110921_Samsung-Electro-Mechanics-CL10A106MA8NRNC_C96446.pdf";"C96446";"";"0";"119091";"";"";"";"";"";"";"";"";"X5R 25V ±20% 10uF 0603  ROHS";"";
"C9";"100nF";"C_100NF/50V_0603";"C0603";"Capacitor General purpose SMD Capacitor";"";"";"";"";"https://datasheet.lcsc.com/lcsc/1809301912_YAGEO-CC0603KRX7R9BB104_C14663.pdf";"C14663";"";"0";"7111530";"";"";"";"";"";"";"";"";"50V 100nF X7R ±10% 0603  ROHS";"";
"C10";"100nF";"C_100NF/50V_0603";"C0603";"Capacitor General purpose SMD Capacitor";"";"";"";"";"https://datasheet.lcsc.com/lcsc/1809301912_YAGEO-CC0603KRX7R9BB104_C14663.pdf";"C14663";"";"0";"7111530";"";"";"";"";"";"";"";"";"50V 100nF X7R ±10% 0603  ROHS";"";
"C11";"1uF";"C_1UF/25V_0402";"C0402";"Capacitor General purpose SMD Capacitor";"";"";"";"";"https://datasheet.lcsc.com/lcsc/1811091611_Samsung-Electro-Mechanics-CL05A105KA5NQNC_C52923.pdf";"C52923";"";"0";"6404174";"";"";"";"";"";"";"";"";"25V 1uF X5R ±10% 0402  ROHS";"";
"C12";"1uF";"C_1UF/25V_0402";"C0402";"Capacitor General purpose SMD Capacitor";"";"";"";"";"https://datasheet.lcsc.com/lcsc/1811091611_Samsung-Electro-Mechanics-CL05A105KA5NQNC_C52923.pdf";"C52923";"";"0";"6404174";"";"";"";"";"";"";"";"";"25V 1uF X5R ±10% 0402  ROHS";"";
"C13";"1uF";"C_1UF/25V_0402";"C0402";"Capacitor General purpose SMD Capacitor";"";"";"";"";"https://datasheet.lcsc.com/lcsc/1811091611_Samsung-Electro-Mechanics-CL05A105KA5NQNC_C52923.pdf";"C52923";"";"0";"6404174";"";"";"";"";"";"";"";"";"25V 1uF X5R ±10% 0402  ROHS";"";
"C14";"10uF";"C_10UF/25V_0603";"C0603";"Capacitor General purpose SMD Capacitor";"";"";"";"";"https://datasheet.lcsc.com/lcsc/1811110921_Samsung-Electro-Mechanics-CL10A106MA8NRNC_C96446.pdf";"C96446";"";"0";"119091";"";"";"";"";"";"";"";"";"X5R 25V ±20% 10uF 0603  ROHS";"";
"C15";"10uF";"C_10UF/25V_0603";"C0603";"Capacitor General purpose SMD Capacitor";"";"";"";"";"https://datasheet.lcsc.com/lcsc/1811110921_Samsung-Electro-Mechanics-CL10A106MA8NRNC_C96446.pdf";"C96446";"";"0";"119091";"";"";"";"";"";"";"";"";"X5R 25V ±20% 10uF 0603  ROHS";"";
"C21";"22pF";"C_12PF/50V_0603";"C0603";"Capacitor General purpose SMD Capacitor";"";"";"";"";"https://datasheet.lcsc.com/lcsc/1810261515_Samsung-Electro-Mechanics-CL10C120JB8NNNC_C38523.pdf";"C38523";"";"0";"87030";"";"";"";"";"";"";"";"";"50V 12pF C0G ±5% 0603  ROHS";"";
"C22";"22pF";"C_12PF/50V_0603";"C0603";"Capacitor General purpose SMD Capacitor";"";"";"";"";"https://datasheet.lcsc.com/lcsc/1810261515_Samsung-Electro-Mechanics-CL10C120JB8NNNC_C38523.pdf";"C38523";"";"0";"87030";"";"";"";"";"";"";"";"";"50V 12pF C0G ±5% 0603  ROHS";"";
"C23";"1.0uF";"C_1UF/25V_0402";"C0402";"Capacitor General purpose SMD Capacitor";"";"";"";"";"https://datasheet.lcsc.com/lcsc/1811091611_Samsung-Electro-Mechanics-CL05A105KA5NQNC_C52923.pdf";"C52923";"";"0";"6404174";"";"";"";"";"";"";"";"";"25V 1uF X5R ±10% 0402  ROHS";"";
"C24";"10nF";"10NF/10000PF-50V-10%(0603)";"0603-CAP";"CAP-00867";"";"";"";"";"";"";"";"";"";"";"";"";"";"";"";"";"CAP-00867";"";"10nF";
"C25";"10nF";"10NF/10000PF-50V-10%(0603)";"0603-CAP";"CAP-00867";"";"";"";"";"";"";"";"";"";"";"";"";"";"";"";"";"CAP-00867";"";"10nF";
"C26";"47nF";"47NF(0.047UF/47000PF)-25V-5%(0603)SMD";"0603-CAP";"CAP-08605";"";"";"";"";"";"";"";"";"";"";"";"";"";"";"";"";"CAP-08605";"";"47nF";
"C29";"10uF";"C_10UF/25V_0603";"C0603";"Capacitor General purpose SMD Capacitor";"";"";"";"";"https://datasheet.lcsc.com/lcsc/1811110921_Samsung-Electro-Mechanics-CL10A106MA8NRNC_C96446.pdf";"C96446";"";"0";"119091";"";"";"";"";"";"";"";"";"X5R 25V ±20% 10uF 0603  ROHS";"";
"C30";"0.1uF";"0.1UF-25V(+80/-20%)(0603)";"0603-CAP";"CAP-00810";"";"";"";"";"";"";"";"";"";"";"";"";"";"";"";"";"CAP-00810";"";"0.1uF";
"C31";"0.1uF";"0.1UF-25V(+80/-20%)(0603)";"0603-CAP";"CAP-00810";"";"";"";"";"";"";"";"";"";"";"";"";"";"";"";"";"CAP-00810";"";"0.1uF";
"D1";"B5819W";"B5819W";"SOD3716X125N";"40V 1A 600mV @ 1A SOD-123 Schottky Barrier Diodes (SBD)";"";"";"40V 1A 600mV @ 1A SOD-123 Schottky Barrier Diodes (SBD)";"1.25mm";"";"";"";"";"";"Changjiang Electronics Tech (CJ)";"B5819W";"";"";"";"";"";"";"";"";
"D2";"B5819W";"B5819W";"SOD3716X125N";"40V 1A 600mV @ 1A SOD-123 Schottky Barrier Diodes (SBD)";"";"";"40V 1A 600mV @ 1A SOD-123 Schottky Barrier Diodes (SBD)";"1.25mm";"";"";"";"";"";"Changjiang Electronics Tech (CJ)";"B5819W";"";"";"";"";"";"";"";"";
"D5";"BAT760-7";"BAT760-7";"SOD2513X120N";"Diode Schottky 30V 1A 2Pin SOD323 Diodes Inc BAT760-7, SMT Schottky Diode, 30V 1A, 2-Pin SOD-323";"BAT760-7";"https://www.arrow.com/en/products/bat760-7/diodes-incorporated?region=europe";"Diode Schottky 30V 1A 2Pin SOD323 Diodes Inc BAT760-7, SMT Schottky Diode, 30V 1A, 2-Pin SOD-323";"1.2mm";"";"";"";"";"";"Diodes Inc.";"BAT760-7";"621-BAT760-7";"https://www.mouser.co.uk/ProductDetail/Diodes-Incorporated/BAT760-7?qs=JV7lzlMm3yKDDyO09xoRbQ%3D%3D";"";"";"";"";"";"";
"H1";"MOUNT-HOLE3.0";"MOUNT-HOLE3.0";"3,0";"MOUNTING HOLE with drill center marker";"";"";"";"";"";"";"";"";"";"";"";"";"";"";"";"3";"";"";"";
"H2";"MOUNT-HOLE3.0";"MOUNT-HOLE3.0";"3,0";"MOUNTING HOLE with drill center marker";"";"";"";"";"";"";"";"";"";"";"";"";"";"";"";"3";"";"";"";
"H3";"MOUNT-HOLE3.0";"MOUNT-HOLE3.0";"3,0";"MOUNTING HOLE with drill center marker";"";"";"";"";"";"";"";"";"";"";"";"";"";"";"";"3";"";"";"";
"H4";"MOUNT-HOLE3.0";"MOUNT-HOLE3.0";"3,0";"MOUNTING HOLE with drill center marker";"";"";"";"";"";"";"";"";"";"";"";"";"";"";"";"3";"";"";"";
"IC1";"ESP32-WROVER-E";"ESP32-WROVER-E";"ESP32WROVERE";"Module: IoT; Bluetooth Low Energy,WiFi; PCB; SMD; 18x31.4x3.3mm";"";"";"Module: IoT";" Bluetooth Low Energy,WiFi";" PCB";" SMD";" 18x31.4x3.3mm";"3.45mm";"";"";"";"";"";"Espressif Systems";"ESP32-WROVER-E";"";"";"";"";
"IC2";"VS1063A-L";"VS1063A-L";"QFP50P900X900X160-48N";"VS1063 - MP3 / Ogg Vorbis Encoder and Audio Codec Circuit, LQFP48 7x7x1.4mm";"";"";"VS1063 - MP3 / Ogg Vorbis Encoder and Audio Codec Circuit, LQFP48 7x7x1.4mm";"1.6mm";"";"";"";"";"";"VLSI";"VS1063A-L";"";"";"";"";"";"";"";"";
"IC3";"TP4054-42-SOT25-R";"TP4054-42-SOT25-R";"SOT95P280X100-5N";"Standalone Linear Li-ion Battery Charger with Thermal Regulation, SOT-23-5";"";"";"Standalone Linear Li-ion Battery Charger with Thermal Regulation, SOT-23-5";"1mm";"";"";"";"";"";"TOP POWER";"TP4054-42-SOT25-R";"";"";"";"";"";"";"";"";
"IC4";"TP4054-42-SOT25-R";"TP4054-42-SOT25-R";"SOT95P280X100-5N";"Standalone Linear Li-ion Battery Charger with Thermal Regulation, SOT-23-5";"";"";"Standalone Linear Li-ion Battery Charger with Thermal Regulation, SOT-23-5";"1mm";"";"";"";"";"";"TOP POWER";"TP4054-42-SOT25-R";"";"";"";"";"";"";"";"";
"J1";"";"CONN_06NO_SILK_FEMALE_PTH";"1X06_NO_SILK";"Multi connection point. Often used as Generic Header-pin footprint for 0.1 inch spaced/style header connections";"";"";"";"";"";"";"";"";"";"";"";"";"";"";"";"";"CONN-08437";"";"";
"J2";"MICROXNJ";"MICROXNJ";"MICROXNJ";"MICRO-USB-SMD_MICROXNJ";"";"";"MICRO-USB-SMD_MICROXNJ";"2.425mm";"";"";"";"";"";"Shou Han";"MICROXNJ";"";"";"";"";"";"";"";"";
"JP3";"";"M08";"1X08_ROUND";"Header 8";"";"";"";"";"";"";"";"";"";"";"";"";"";"";"";"";"";"";"";
"JP4";"";"M08";"1X08_ROUND";"Header 8";"";"";"";"";"";"";"";"";"";"";"";"";"";"";"";"";"";"";"";
"LED1";"Charge";"LEDCHIP-LED0603";"CHIP-LED0603";"LED";"";"";"";"";"";"";"";"";"";"";"";"";"";"";"";"";"";"";"";
"LED2";"Power";"LEDCHIP-LED0603";"CHIP-LED0603";"LED";"";"";"";"";"";"";"";"";"";"";"";"";"";"";"";"";"";"";"";
"LED3";"Charge";"LEDCHIP-LED0603";"CHIP-LED0603";"LED";"";"";"";"";"";"";"";"";"";"";"";"";"";"";"";"";"";"";"";
"PAD3";"";"2,54/0,8";"2,54/0,8";"THROUGH-HOLE PAD";"";"";"";"";"";"";"";"";"";"";"";"";"";"";"";"5";"";"";"";
"PAD4";"";"2,54/0,8";"2,54/0,8";"THROUGH-HOLE PAD";"";"";"";"";"";"";"";"";"";"";"";"";"";"";"";"5";"";"";"";
"PS1";"AP2114HA-3.3TRG1";"AP2114HA-3.3TRG1";"SOT230P700X180-4N";"LDO Voltage Regulators 1A LN CMOS LDO 0.45V 60uA 50mA";"AP2114HA-3.3TRG1";"https://www.arrow.com/en/products/ap2114ha-3.3trg1/diodes-incorporated";"LDO Voltage Regulators 1A LN CMOS LDO 0.45V 60uA 50mA";"1.8mm";"";"";"";"";"";"Diodes Inc.";"AP2114HA-3.3TRG1";"621-AP2114HA-3.3TRG1";"https://www.mouser.co.uk/ProductDetail/Diodes-Incorporated/AP2114HA-33TRG1?qs=M%2FOdCRO8QQ3KWhA9Gt6VoQ%3D%3D";"";"";"";"";"";"";
"PS2";"AP2114HA-3.3TRG1";"AP2114HA-3.3TRG1";"SOT230P700X180-4N";"LDO Voltage Regulators 1A LN CMOS LDO 0.45V 60uA 50mA";"AP2114HA-3.3TRG1";"https://www.arrow.com/en/products/ap2114ha-3.3trg1/diodes-incorporated";"LDO Voltage Regulators 1A LN CMOS LDO 0.45V 60uA 50mA";"1.8mm";"";"";"";"";"";"Diodes Inc.";"AP2114HA-3.3TRG1";"621-AP2114HA-3.3TRG1";"https://www.mouser.co.uk/ProductDetail/Diodes-Incorporated/AP2114HA-33TRG1?qs=M%2FOdCRO8QQ3KWhA9Gt6VoQ%3D%3D";"";"";"";"";"";"";
"Q1";"CJ2301_S1";"CJ2301_S1";"SOT95P240X115-3N";"MOSFET P Trench 20V 2.3A 1V @ 250uA 112 m @ 2.8A,4.5V SOT-23(SOT-23-3) RoHS";"";"";"MOSFET P Trench 20V 2.3A 1V @ 250uA 112 m @ 2.8A,4.5V SOT-23(SOT-23-3) RoHS";"1.15mm";"";"";"";"";"";"Changjiang Electronics Tech (CJ)";"CJ2301 S1";"";"";"";"";"";"";"";"";
"Q2";"UMH3NTN";"UMH3NTN";"UMH3NTN";"Bipolar Transistors - Pre-Biased DUAL NPN 50V 100MA SOT-363";"UMH3NTN";"https://www.arrow.com/en/products/umh3ntn/rohm-semiconductor?region=nac";"Bipolar Transistors - Pre-Biased DUAL NPN 50V 100MA SOT-363";"1mm";"";"";"";"";"";"ROHM Semiconductor";"UMH3NTN";"755-UMH3NTN";"https://www.mouser.co.uk/ProductDetail/ROHM-Semiconductor/UMH3NTN?qs=4kLU8WoGk0st6ahJ6z2bmw%3D%3D";"";"";"";"";"";"";
"Q3";"CJ2301_S1";"CJ2301_S1";"SOT95P240X115-3N";"MOSFET P Trench 20V 2.3A 1V @ 250uA 112 m @ 2.8A,4.5V SOT-23(SOT-23-3) RoHS";"";"";"MOSFET P Trench 20V 2.3A 1V @ 250uA 112 m @ 2.8A,4.5V SOT-23(SOT-23-3) RoHS";"1.15mm";"";"";"";"";"";"Changjiang Electronics Tech (CJ)";"CJ2301 S1";"";"";"";"";"";"";"";"";
"R1";"100k";"R_100K_0603";"R0603";"Resistor General purpose SMD Resistor";"";"";"";"";"https://datasheet.lcsc.com/lcsc/2110260030_UNI-ROYAL-Uniroyal-Elec-0603WAF1003T5E_C25803.pdf";"C25803";"";"0";"5826279";"";"";"";"";"";"";"";"";"±1% 1/10W Thick Film Resistors 75V ±100ppm -55°C~+155°C 100kOhm 0603  ROHS";"";
"R2";"10k";"R_10K_0603";"R0603";"Resistor General purpose SMD Resistor";"";"";"";"";"https://datasheet.lcsc.com/lcsc/2110260030_UNI-ROYAL-Uniroyal-Elec-0603WAF1002T5E_C25804.pdf";"C25804";"";"0";"7979018";"";"";"";"";"";"";"";"";"±1% 1/10W Thick Film Resistors 75V ±100ppm -55°C~+155°C 10kOhm 0603  ROHS";"";
"R3";"2k";"R_2K_0603";"R0603";"Resistor General purpose SMD Resistor";"";"";"";"";"https://datasheet.lcsc.com/lcsc/2110252130_UNI-ROYAL-Uniroyal-Elec-0603WAF2001T5E_C22975.pdf";"C22975";"";"0";"3372290";"";"";"";"";"";"";"";"";"±1% 1/10W Thick Film Resistors 75V ±100ppm -55°C~+155°C 2kOhm 0603  ROHS";"";
"R4";"100k";"R_100K_0603";"R0603";"Resistor General purpose SMD Resistor";"";"";"";"";"https://datasheet.lcsc.com/lcsc/2110260030_UNI-ROYAL-Uniroyal-Elec-0603WAF1003T5E_C25803.pdf";"C25803";"";"0";"5826279";"";"";"";"";"";"";"";"";"±1% 1/10W Thick Film Resistors 75V ±100ppm -55°C~+155°C 100kOhm 0603  ROHS";"";
"R5";"100k";"R_100K_0603";"R0603";"Resistor General purpose SMD Resistor";"";"";"";"";"https://datasheet.lcsc.com/lcsc/2110260030_UNI-ROYAL-Uniroyal-Elec-0603WAF1003T5E_C25803.pdf";"C25803";"";"0";"5826279";"";"";"";"";"";"";"";"";"±1% 1/10W Thick Film Resistors 75V ±100ppm -55°C~+155°C 100kOhm 0603  ROHS";"";
"R6";"2k";"R_2K_0603";"R0603";"Resistor General purpose SMD Resistor";"";"";"";"";"https://datasheet.lcsc.com/lcsc/2110252130_UNI-ROYAL-Uniroyal-Elec-0603WAF2001T5E_C22975.pdf";"C22975";"";"0";"3372290";"";"";"";"";"";"";"";"";"±1% 1/10W Thick Film Resistors 75V ±100ppm -55°C~+155°C 2kOhm 0603  ROHS";"";
"R7";"10k";"R_10K_0603";"R0603";"Resistor General purpose SMD Resistor";"";"";"";"";"https://datasheet.lcsc.com/lcsc/2110260030_UNI-ROYAL-Uniroyal-Elec-0603WAF1002T5E_C25804.pdf";"C25804";"";"0";"7979018";"";"";"";"";"";"";"";"";"±1% 1/10W Thick Film Resistors 75V ±100ppm -55°C~+155°C 10kOhm 0603  ROHS";"";
"R8";"2k";"R_2K_0603";"R0603";"Resistor General purpose SMD Resistor";"";"";"";"";"https://datasheet.lcsc.com/lcsc/2110252130_UNI-ROYAL-Uniroyal-Elec-0603WAF2001T5E_C22975.pdf";"C22975";"";"0";"3372290";"";"";"";"";"";"";"";"";"±1% 1/10W Thick Film Resistors 75V ±100ppm -55°C~+155°C 2kOhm 0603  ROHS";"";
"R9";"1M";"R_1M_0603";"R0603";"Resistor General purpose SMD Resistor";"";"";"";"";"https://datasheet.lcsc.com/lcsc/2110252030_UNI-ROYAL-Uniroyal-Elec-0603WAF1004T5E_C22935.pdf";"C22935";"";"0";"1411723";"";"";"";"";"";"";"";"";"±1% 1/10W Thick Film Resistors 75V ±100ppm -55°C~+155°C 1MOhm 0603  ROHS";"";
"R10";"100k";"R_100K_0603";"R0603";"Resistor General purpose SMD Resistor";"";"";"";"";"https://datasheet.lcsc.com/lcsc/2110260030_UNI-ROYAL-Uniroyal-Elec-0603WAF1003T5E_C25803.pdf";"C25803";"";"0";"5826279";"";"";"";"";"";"";"";"";"±1% 1/10W Thick Film Resistors 75V ±100ppm -55°C~+155°C 100kOhm 0603  ROHS";"";
"R11";"100k";"R_100K_0603";"R0603";"Resistor General purpose SMD Resistor";"";"";"";"";"https://datasheet.lcsc.com/lcsc/2110260030_UNI-ROYAL-Uniroyal-Elec-0603WAF1003T5E_C25803.pdf";"C25803";"";"0";"5826279";"";"";"";"";"";"";"";"";"±1% 1/10W Thick Film Resistors 75V ±100ppm -55°C~+155°C 100kOhm 0603  ROHS";"";
"R12";"R_0R_1206";"R_0R_1206";"R1206";"Resistor General purpose SMD Resistor";"";"";"";"";"https://datasheet.lcsc.com/lcsc/2110251930_UNI-ROYAL-Uniroyal-Elec-1206W4F0000T5E_C17888.pdf";"C17888";"";"0";"399166";"";"";"";"";"";"";"";"";"±1% 250mW Thick Film Resistors 200V ±800ppm -55°C~+155°C 0Ohm 1206  ROHS";"";
"R13";"2k";"R_2K_0603";"R0603";"Resistor General purpose SMD Resistor";"";"";"";"";"https://datasheet.lcsc.com/lcsc/2110252130_UNI-ROYAL-Uniroyal-Elec-0603WAF2001T5E_C22975.pdf";"C22975";"";"0";"3372290";"";"";"";"";"";"";"";"";"±1% 1/10W Thick Film Resistors 75V ±100ppm -55°C~+155°C 2kOhm 0603  ROHS";"";
"R14";"2k";"R_2K_0603";"R0603";"Resistor General purpose SMD Resistor";"";"";"";"";"https://datasheet.lcsc.com/lcsc/2110252130_UNI-ROYAL-Uniroyal-Elec-0603WAF2001T5E_C22975.pdf";"C22975";"";"0";"3372290";"";"";"";"";"";"";"";"";"±1% 1/10W Thick Film Resistors 75V ±100ppm -55°C~+155°C 2kOhm 0603  ROHS";"";
"R18";"100k";"R_100K_0603";"R0603";"Resistor General purpose SMD Resistor";"";"";"";"";"https://datasheet.lcsc.com/lcsc/2110260030_UNI-ROYAL-Uniroyal-Elec-0603WAF1003T5E_C25803.pdf";"C25803";"";"0";"5826279";"";"";"";"";"";"";"";"";"±1% 1/10W Thick Film Resistors 75V ±100ppm -55°C~+155°C 100kOhm 0603  ROHS";"";
"R26";"100k";"R_100K_0603";"R0603";"Resistor General purpose SMD Resistor";"";"";"";"";"https://datasheet.lcsc.com/lcsc/2110260030_UNI-ROYAL-Uniroyal-Elec-0603WAF1003T5E_C25803.pdf";"C25803";"";"0";"5826279";"";"";"";"";"";"";"";"";"±1% 1/10W Thick Film Resistors 75V ±100ppm -55°C~+155°C 100kOhm 0603  ROHS";"";
"R27";"100k";"R_100K_0603";"R0603";"Resistor General purpose SMD Resistor";"";"";"";"";"https://datasheet.lcsc.com/lcsc/2110260030_UNI-ROYAL-Uniroyal-Elec-0603WAF1003T5E_C25803.pdf";"C25803";"";"0";"5826279";"";"";"";"";"";"";"";"";"±1% 1/10W Thick Film Resistors 75V ±100ppm -55°C~+155°C 100kOhm 0603  ROHS";"";
"R28";"100k";"R_100K_0603";"R0603";"Resistor General purpose SMD Resistor";"";"";"";"";"https://datasheet.lcsc.com/lcsc/2110260030_UNI-ROYAL-Uniroyal-Elec-0603WAF1003T5E_C25803.pdf";"C25803";"";"0";"5826279";"";"";"";"";"";"";"";"";"±1% 1/10W Thick Film Resistors 75V ±100ppm -55°C~+155°C 100kOhm 0603  ROHS";"";
"R29";"100k";"R_100K_0603";"R0603";"Resistor General purpose SMD Resistor";"";"";"";"";"https://datasheet.lcsc.com/lcsc/2110260030_UNI-ROYAL-Uniroyal-Elec-0603WAF1003T5E_C25803.pdf";"C25803";"";"0";"5826279";"";"";"";"";"";"";"";"";"±1% 1/10W Thick Film Resistors 75V ±100ppm -55°C~+155°C 100kOhm 0603  ROHS";"";
"R30";"100k";"R_100K_0603";"R0603";"Resistor General purpose SMD Resistor";"";"";"";"";"https://datasheet.lcsc.com/lcsc/2110260030_UNI-ROYAL-Uniroyal-Elec-0603WAF1003T5E_C25803.pdf";"C25803";"";"0";"5826279";"";"";"";"";"";"";"";"";"±1% 1/10W Thick Film Resistors 75V ±100ppm -55°C~+155°C 100kOhm 0603  ROHS";"";
"R31";"20";"R_20R_0603";"R0603";"Resistor General purpose SMD Resistor";"";"";"";"";"https://datasheet.lcsc.com/lcsc/2110252030_UNI-ROYAL-Uniroyal-Elec-0603WAF200JT5E_C22950.pdf";"C22950";"";"0";"40713";"";"";"";"";"";"";"";"";"±1% 1/10W Thick Film Resistors 75V ±100ppm -55°C~+155°C 20Ohm 0603  ROHS";"";
"R32";"20";"R_20R_0603";"R0603";"Resistor General purpose SMD Resistor";"";"";"";"";"https://datasheet.lcsc.com/lcsc/2110252030_UNI-ROYAL-Uniroyal-Elec-0603WAF200JT5E_C22950.pdf";"C22950";"";"0";"40713";"";"";"";"";"";"";"";"";"±1% 1/10W Thick Film Resistors 75V ±100ppm -55°C~+155°C 20Ohm 0603  ROHS";"";
"R33";"10";"R_10R_0603";"R0603";"Resistor General purpose SMD Resistor";"";"";"";"";"https://datasheet.lcsc.com/lcsc/2110252030_UNI-ROYAL-Uniroyal-Elec-0603WAF100JT5E_C22859.pdf";"C22859";"";"0";"2733989";"";"";"";"";"";"";"";"";"±1% 1/10W Thick Film Resistors 75V ±400ppm -55°C~+155°C 10Ohm 0603  ROHS";"";
"S1";"SK-22D01-MG_5_NS";"SK-22D01-MG_5_NS";"SK22D01MG5NS";"Slide Switches DPDT 0.3 Amp at 30 V";"SK-22D01-MG 5 NS";"https://www.arrow.com/en/products/sk22d01mg5ns/ck?region=nac";"Slide Switches DPDT 0.3 Amp at 30 V";"5.1mm";"";"";"";"";"";"C & K COMPONENTS";"SK-22D01-MG 5 NS";"611-SK-22D01-MG5NS";"https://www.mouser.co.uk/ProductDetail/CK/SK-22D01-MG-5-NS?qs=T%252BgPUmif8%252Bj%2Ffo3NJcSFGw%3D%3D";"";"";"";"";"";"";
"S2";"TS-1101-C-W";"TS-1101-C-W";"TS1101CW";"tact switch 3x6x2.5 stick flat foot white button 260GF";"";"";"tact switch 3x6x2.5 stick flat foot white button 260GF";"2.6mm";"";"";"";"";"";"XKB Connectivity";"TS-1101-C-W";"";"";"";"";"";"";"";"";
"S3";"TS-1101-C-W";"TS-1101-C-W";"TS1101CW";"tact switch 3x6x2.5 stick flat foot white button 260GF";"";"";"tact switch 3x6x2.5 stick flat foot white button 260GF";"2.6mm";"";"";"";"";"";"XKB Connectivity";"TS-1101-C-W";"";"";"";"";"";"";"";"";
"SEL";"SK12D07VG4NS";"SK12D07VG4NS";"SK12D07VG4NS";"Slide Switch SPDT Through Hole, Right Angle";"";"";"Slide Switch SPDT Through Hole, Right Angle";"4.7mm";"";"";"";"";"";"C & K COMPONENTS";"SK12D07VG4NS";"611-SK12D07VG4NS";"https://www.mouser.co.uk/ProductDetail/CK/SK12D07VG4NS?qs=%252BAZVS4b%2FkgLd%252BNbIV7hYcQ%3D%3D";"";"";"";"";"";"";
"U1";"1.8V";"V_REG_SP62141.8V";"SC70";"";"";"";"";"";"";"";"";"";"";"";"";"";"";"";"";"";"VREG-08428";"";"1.8V/100mA";
"Y2";"SXT32422AA48";"SXT32422AA48";"SXT32422AA48";"32MHz +/-50ppm Crystal 22pF 40 Ohms 4-SMD, No Lead";"";"";"32MHz +/-50ppm Crystal 22pF 40 Ohms 4-SMD, No Lead";"0.8mm";"";"";"";"";"";"Suntsu";"SXT32422AA48";"";"";"";"";"";"";"";"";
