"Qty";"Value";"Device";"Package";"Parts";"Description";"ARROW_PART_NUMBER";"ARROW_PRICE-STOCK";"DESCRIPTION";"HEIGHT";"LCSC_DATASHEET";"LCSC_PART";"LCSC_PRICE1_EUR";"LCSC_ROTATION_CCW";"LCSC_STOCK";"MANUFACTURER_NAME";"MANUFACTURER_PART_NUMBER";"MOUSER_PART_NUMBER";"MOUSER_PRICE-STOCK";"POPULARITY";"PROD_ID";"PROPERTIES";"SPICEPREFIX";"VALUE";
"5";"";"2,54/1,0";"2,54/1,0";"3V3, DGND, GND, SCL, SDA";"THROUGH-HOLE PAD";"";"";"";"";"";"";"";"";"";"";"";"";"";"1";"";"";"";"";
"1";"";"LED";"SMARTLED-TTW";"LED";"LED";"";"";"";"";"";"";"";"";"";"";"";"";"";"";"";"";"";"";
"2";"";"M08";"1X08_ROUND";"JP3, JP4";"Header 8";"";"";"";"";"";"";"";"";"";"";"";"";"";"";"";"";"";"";
"2";"10nF";"10NF-0603-50V-10%";"0603";"C12, C13";"0.01uF/10nF/10,000pF ceramic capacitors";"";"";"";"";"";"";"";"";"";"";"";"";"";"";"CAP-00867";"";"";"10nF";
"1";"4K";"R-US_R0603";"R0603";"R14";"RESISTOR, American symbol";"";"";"";"";"";"";"";"";"";"";"";"";"";"77";"";"";"R";"";
"1";"CMA-4544PF-W";"CMA-4544PF-W";"CMA4544PFW";"MK1";"9.7 mm, Omnidirectional, PCB Mount, 3.0 Vdc, Electret Condenser Microphone";"CMA-4544PF-W";"https://www.arrow.com/en/products/cma-4544pf-w/cui-devices?utm_currency=USD&region=nac";"9.7 mm, Omnidirectional, PCB Mount, 3.0 Vdc, Electret Condenser Microphone";"4.65mm";"";"";"";"";"";"Same Sky";"CMA-4544PF-W";"490-CMA-4544PF-W";"https://www.mouser.co.uk/ProductDetail/Same-Sky/CMA-4544PF-W?qs=WyjlAZoYn50RZRL7clQhww%3D%3D";"";"";"";"";"";
"1";"C_100NF/50V_0603";"C_100NF/50V_0603";"C0603";"C4";"Capacitor General purpose SMD Capacitor";"";"";"";"";"https://datasheet.lcsc.com/lcsc/1809301912_YAGEO-CC0603KRX7R9BB104_C14663.pdf";"C14663";"";"0";"7111530";"";"";"";"";"";"";"50V 100nF X7R ±10% 0603  ROHS";"";"";
"1";"C_100PF/50V_0603";"C_100PF/50V_0603";"C0603";"C8";"Capacitor General purpose SMD Capacitor";"";"";"";"";"https://datasheet.lcsc.com/lcsc/1811151136_Samsung-Electro-Mechanics-CL10C101JB8NNNC_C14858.pdf";"C14858";"";"0";"2152181";"";"";"";"";"";"";"50V 100pF C0G ±5% 0603  ROHS";"";"";
"3";"C_10UF/10V_0603";"C_10UF/10V_0603";"C0603";"C1, C2, C5";"Capacitor General purpose SMD Capacitor";"";"";"";"";"https://datasheet.lcsc.com/lcsc/1810191219_Samsung-Electro-Mechanics-CL10A106KP8NNNC_C19702.pdf";"C19702";"";"0";"2089400";"";"";"";"";"";"";"10V 10uF X5R ±10% 0603  ROHS";"";"";
"2";"C_1UF/50V_0603";"C_1UF/50V_0603";"C0603";"C10, C11";"Capacitor General purpose SMD Capacitor";"";"";"";"";"https://datasheet.lcsc.com/lcsc/1810261812_Samsung-Electro-Mechanics-CL10A105KB8NNNC_C15849.pdf";"C15849";"";"0";"14650365";"";"";"";"";"";"";"50V 1uF X5R ±10% 0603  ROHS";"";"";
"2";"C_2.2UF/16V_0603";"C_2.2UF/16V_0603";"C0603";"C6, C15";"Capacitor General purpose SMD Capacitor";"";"";"";"";"https://datasheet.lcsc.com/lcsc/1810271109_Samsung-Electro-Mechanics-CL10A225KO8NNNC_C23630.pdf";"C23630";"";"0";"1324345";"";"";"";"";"";"";"16V 2.2uF X5R ±10% 0603  ROHS";"";"";
"1";"C_4.7UF/16V_0603";"C_4.7UF/16V_0603";"C0603";"C7";"Capacitor General purpose SMD Capacitor";"";"";"";"";"https://datasheet.lcsc.com/lcsc/1810261514_Samsung-Electro-Mechanics-CL10A475KO8NNNC_C19666.pdf";"C19666";"";"0";"2027167";"";"";"";"";"";"";"16V 4.7uF X5R ±10% 0603  ROHS";"";"";
"1";"C_47PF/50V_0603";"C_47PF/50V_0603";"C0603";"C3";"Capacitor General purpose SMD Capacitor";"";"";"";"";"https://datasheet.lcsc.com/lcsc/1810261610_Samsung-Electro-Mechanics-CL10C470JB8NNNC_C1671.pdf";"C1671";"";"0";"95931";"";"";"";"";"";"";"50V 47pF C0G ±5% 0603  ROHS";"";"";
"1";"MAX4466EXK+T";"MAX4466EXK+T";"SOT65P210X110-5N";"IC2";"Low-Cost, Micropower, SC70/SOT23-8, Microphone Preamplifiers with Complete Shutdown";"MAX4466EXK+T";"https://www.arrow.com/en/products/max4466exkt/analog-devices?region=nac";"Low-Cost, Micropower, SC70/SOT23-8, Microphone Preamplifiers with Complete Shutdown";"1.1mm";"";"";"";"";"";"Analog Devices";"MAX4466EXK+T";"700-MAX4466EXKT";"https://www.mouser.co.uk/ProductDetail/Analog-Devices-Maxim-Integrated/MAX4466EXK%2bT?qs=1eQvB6Dk1viIfH6l6v5sWg%3D%3D";"";"";"";"";"";
"1";"OS203011MS1QP1";"OS203011MS1QP1";"OS203011MS1QP1";"S1";"Slide Switches DP3T On-On-On";"OS203011MS1QP1";"https://www.arrow.com/en/products/os203011ms1qp1/ck?region=nac";"Slide Switches DP3T On-On-On";"8mm";"";"";"";"";"";"C & K COMPONENTS";"OS203011MS1QP1";"611-OS203011MS1QP1";"https://www.mouser.co.uk/ProductDetail/CK/OS203011MS1QP1?qs=vOb5o%2F429vPBgVy%2FFFX7mQ%3D%3D";"";"";"";"";"";
"1";"RK09K1130C79";"RK09K1130C79";"RK09K1130C79";"HPVOL";"ALPS? RK09K1130C79? Rotary Potentiometer, RK09 Series, 10 kohm, Linear, 1, 50 mW, Through Hole%0%0";"";"";"ALPS? RK09K1130C79? Rotary Potentiometer, RK09 Series, 10 kohm, Linear, 1, 50 mW, Through Hole%0%0";"25.5mm";"";"";"";"";"";"ALPS Electric";"RK09K1130C79";"";"";"";"";"";"";"";
"1";"RK12L12C0-F30-C0-B502";"RK12L12C0-F30-C0-B502";"RK12L12C0F30C0B502";"C14";"Potentiometers 12MM";"";"";"Potentiometers 12MM";"30mm";"";"";"";"";"";"ALPS Electric";"RK12L12C0-F30-C0-B502";"";"";"";"";"";"";"";
"2";"R_100K_0603";"R_100K_0603";"R0603";"R8, R9";"Resistor General purpose SMD Resistor";"";"";"";"";"https://datasheet.lcsc.com/lcsc/2110260030_UNI-ROYAL-Uniroyal-Elec-0603WAF1003T5E_C25803.pdf";"C25803";"";"0";"5826279";"";"";"";"";"";"";"±1% 1/10W Thick Film Resistors 75V ±100ppm -55°C~+155°C 100kOhm 0603  ROHS";"";"";
"1";"R_100R_0603";"R_100R_0603";"R0603";"R2";"Resistor General purpose SMD Resistor";"";"";"";"";"https://datasheet.lcsc.com/lcsc/2110252030_UNI-ROYAL-Uniroyal-Elec-0603WAF1000T5E_C22775.pdf";"C22775";"";"0";"3700009";"";"";"";"";"";"";"±1% 1/10W Thick Film Resistors 75V ±200ppm -55°C~+155°C 100Ohm 0603  ROHS";"";"";
"1";"R_120K_0603";"R_120K_0603";"R0603";"R10";"Resistor General purpose SMD Resistor";"";"";"";"";"https://datasheet.lcsc.com/lcsc/2110260030_UNI-ROYAL-Uniroyal-Elec-0603WAF1203T5E_C25808.pdf";"C25808";"";"0";"362242";"";"";"";"";"";"";"±1% 1/10W Thick Film Resistors 75V ±100ppm -55°C~+155°C 120kOhm 0603  ROHS";"";"";
"1";"R_15K_0603";"R_15K_0603";"R0603";"R7";"Resistor General purpose SMD Resistor";"";"";"";"";"https://datasheet.lcsc.com/lcsc/2110252030_UNI-ROYAL-Uniroyal-Elec-0603WAF1502T5E_C22809.pdf";"C22809";"";"0";"394790";"";"";"";"";"";"";"±1% 1/10W Thick Film Resistors 75V ±100ppm -55°C~+155°C 15kOhm 0603  ROHS";"";"";
"1";"R_18K_0603";"R_18K_0603";"R0603";"R5";"Resistor General purpose SMD Resistor";"";"";"";"";"https://datasheet.lcsc.com/lcsc/2110260030_UNI-ROYAL-Uniroyal-Elec-0603WAF1802T5E_C25810.pdf";"C25810";"";"0";"156018";"";"";"";"";"";"";"±1% 1/10W Thick Film Resistors 75V ±100ppm -55°C~+155°C 18kOhm 0603  ROHS";"";"";
"1";"R_1K_0603";"R_1K_0603";"R0603";"R4";"Resistor General purpose SMD Resistor";"";"";"";"";"https://datasheet.lcsc.com/lcsc/2110252030_UNI-ROYAL-Uniroyal-Elec-0603WAF1001T5E_C21190.pdf";"C21190";"";"0";"5175299";"";"";"";"";"";"";"±1% 1/10W Thick Film Resistors 75V ±100ppm -55°C~+155°C 1kOhm 0603  ROHS";"";"";
"2";"R_2.2K_0603";"R_2.2K_0603";"R0603";"R3, R13";"Resistor General purpose SMD Resistor";"";"";"";"";"https://datasheet.lcsc.com/lcsc/2110251730_UNI-ROYAL-Uniroyal-Elec-0603WAF2201T5E_C4190.pdf";"C4190";"";"0";"331536";"";"";"";"";"";"";"±1% 1/10W Thick Film Resistors 75V ±100ppm -55°C~+155°C 2.2kOhm 0603  ROHS";"";"";
"1";"R_22K_0603";"R_22K_0603";"R0603";"R1";"Resistor General purpose SMD Resistor";"";"";"";"";"https://datasheet.lcsc.com/lcsc/2110260230_UNI-ROYAL-Uniroyal-Elec-0603WAF2202T5E_C31850.pdf";"C31850";"";"0";"342507";"";"";"";"";"";"";"±1% 1/10W Thick Film Resistors 75V ±100ppm -55°C~+155°C 22kOhm 0603  ROHS";"";"";
"2";"R_470R_0603";"R_470R_0603";"R0603";"R11, R12";"Resistor General purpose SMD Resistor";"";"";"";"";"https://datasheet.lcsc.com/lcsc/2110252130_UNI-ROYAL-Uniroyal-Elec-0603WAF4700T5E_C23179.pdf";"C23179";"";"0";"666559";"";"";"";"";"";"";"±1% 1/10W Thick Film Resistors 75V ±100ppm -55°C~+155°C 470Ohm 0603  ROHS";"";"";
"1";"R_62K_0603";"R_62K_0603";"R0603";"R6";"Resistor General purpose SMD Resistor";"";"";"";"";"https://datasheet.lcsc.com/lcsc/2110252130_UNI-ROYAL-Uniroyal-Elec-0603WAF6202T5E_C23221.pdf";"C23221";"";"0";"19557";"";"";"";"";"";"";"±1% 1/10W Thick Film Resistors 75V ±100ppm -55°C~+155°C 62kOhm 0603  ROHS";"";"";
"1";"SK-22D01-MG_5_NS";"SK-22D01-MG_5_NS";"SK22D01MG5NS";"MIC-LINE";"Slide Switches DPDT 0.3 Amp at 30 V";"SK-22D01-MG 5 NS";"https://www.arrow.com/en/products/sk22d01mg5ns/ck?region=nac";"Slide Switches DPDT 0.3 Amp at 30 V";"5.1mm";"";"";"";"";"";"C & K COMPONENTS";"SK-22D01-MG 5 NS";"611-SK-22D01-MG5NS";"https://www.mouser.co.uk/ProductDetail/CK/SK-22D01-MG-5-NS?qs=T%252BgPUmif8%252Bj%2Ffo3NJcSFGw%3D%3D";"";"";"";"";"";
"2";"STEREOJACK";"STEREOJACK";"STX3100";"IN, OUT";"MIC/HEADPHONE JACK";"";"";"";"";"";"";"";"";"";"";"";"";"";"";"";"";"";"";
